"","unique_group","p.val","r.sq","avg","acro","amplitude","q.val"
"Variable_1.1","B",0.953279769090724,0.00329434457458316,0.593917483007815,12.787073592167,0.0147569344327833,0.997164476085447
"Variable_1.2","A",0.0309010625008664,0.219916740604677,0.580941757829723,22.4749874814279,0.13583197041125,0.203583470593943
"Variable_1.3","C",0.777155036376936,0.0178470645790712,0.586853501782754,16.8629490504859,0.0229477734018824,0.956116317217563
"Variable_2.1","B",0.92978248099348,0.00500842350774986,0.721668574504856,8.55061502902881,0.0372254362930346,0.991767979726378
"Variable_2.2","A",0.00268495507981541,0.344832049307181,0.69319532822678,8.79842757165545,0.283943670816811,0.0501191614898877
"Variable_2.3","C",0.312234641184364,0.0797803430754868,0.598165624434965,16.2450557750439,0.101852049633323,0.643624781827892
"Variable_3.1","B",2.78401947534297e-07,0.646891288315603,4.95146014653486,1.24383731675704,1.09917381312722,2.33857635928809e-05
"Variable_3.2","A",0.755935356806472,0.0197872826790997,4.87692890319856,10.3162656396108,0.126642382549234,0.945049550399083
"Variable_3.3","C",0.448866025554267,0.0556104009599481,3.71257167859243,6.88316223407906,0.202928113834166,0.761712043364816
"Variable_4.1","B",0.860378317094779,0.010317651156606,2.81187756081465,16.6305135151821,0.511111637126468,0.964973090602404
"Variable_4.2","A",0.00986126882921297,0.281032125049033,1.60056717882265,8.85546484327157,2.2500129528745,0.114410984345813
"Variable_4.3","C",0.481800495308128,0.0508220075487775,0.971658303229472,21.0614817186829,0.663281313409916,0.770880792493005
"Variable_5.1","B",0.752800306589062,0.0193926192228144,-2.37091042418722,17.7586963444389,0.681249410035781,0.945049550399083
"Variable_5.2","A",0.0123859301193973,0.269230158224649,-3.52013189064613,9.10386800430162,2.40625246430427,0.122402132944632
"Variable_5.3","C",0.920408105341228,0.00590663785609973,-4.09405322475795,21.0005855384093,0.234304277997724,0.987175860503976
"Variable_6.1","B",0.00358840454136628,0.321777005262462,-1.09436566404204,3.00453768063672,0.215939056000574,0.0602851962949535
"Variable_6.2","A",0.10347511144231,0.149584561272385,-1.24222107215925,3.39686077544529,0.117871235599062,0.385409328216588
"Variable_6.3","C",0.380873932206192,0.0666257753969995,-1.20901992981728,18.1436169426837,0.0554031773973541,0.70703669183028
"Variable_7.1","B",0.467570130670354,0.0510773543516848,0.69139191744447,3.44864666771863,0.189507766700508,0.770880792493005
"Variable_7.2","A",0.0155628577169064,0.257214316066408,0.509996534958179,21.9868535452576,0.294973629110648,0.130728004822014
"Variable_7.3","C",0.578055089417045,0.0383925882075997,0.481840695641927,20.1247607411397,0.0654548940363768,0.826218978426
"Variable_8.1","B",0.0951646121229802,0.149743357985979,7.14335506542444,14.7901603119515,0.183797008104841,0.363355791742288
"Variable_8.2","A",0.260761731850435,0.0915456001925318,6.98581948587941,19.8300375183764,0.0872748309125351,0.587068965985614
"Variable_8.3","C",0.59826768288952,0.0360290031380678,7.07605616898262,16.0953755419396,0.0311162987998909,0.835237994488199
"Variable_9.1","B",0.000499246578527109,0.40803286935649,1.9148492086871,5.95408735934748,0.200488606062879,0.013978904198759
"Variable_9.2","A",0.237318808409909,0.0976378538092348,1.89976166575604,6.73404545552783,0.113162733097734,0.582141350168147
"Variable_9.3","C",0.377539408227026,0.0672118488623511,1.84406348639065,9.7288270845645,0.069837816866725,0.704740228690448
"Variable_10.1","B",0.973297846223825,0.00186481991462159,9.54576312577118,3.59604478898526,0.0319763232103963,0.997700160542208
"Variable_10.2","A",0.0453719926865047,0.198218049611619,9.48185828304112,21.8268788332704,0.298913357701796,0.255283859968983
"Variable_10.3","C",0.357899374580485,0.0707645248216416,9.38225338411774,12.6085481191974,0.117117347020765,0.695110924040712
"Variable_11.1","B",0.133942143351005,0.12946267585707,-0.715505109482946,11.4550214778743,0.176336524762082,0.425461129452645
"Variable_11.2","A",0.365968146745464,0.0692835763939329,-0.719417586710942,11.9553328432221,0.257588447902324,0.695313150804534
"Variable_11.3","C",0.019906121386656,0.244039599751974,-1.14093575906088,8.1466974089099,0.278982778979514,0.155545506649219
"Variable_12.1","B",0.371290253743777,0.0660468905330261,9.65726335874802,9.95117490449076,0.0510717831926134,0.700862501448926
"Variable_12.2","A",0.120818933760952,0.140119274529548,9.61921215357762,21.5134035612254,0.0706082352450109,0.401932294491878
"Variable_12.3","C",0.875942835219444,0.00941641716138329,9.68099803088369,17.6265826621309,0.0125214212733593,0.964973090602404
"Variable_13.1","B",0.657811570515225,0.0284721013540835,1.02385178906837,5.49420661248608,0.17437909850169,0.8770820940203
"Variable_13.2","A",0.397160900716104,0.0638299370106896,1.26167093635789,22.076613627862,0.344748718510613,0.725250340438103
"Variable_13.3","C",0.113836213102343,0.143767989572288,1.14312422108128,22.6066267719099,0.284792663594084,0.400972286999299
"Variable_14.1","B",0.134222856315418,0.12933697412038,5.44426792547142,4.97474224000106,0.08346544061936,0.425461129452645
"Variable_14.2","A",0.204051940926994,0.107320078765394,5.48500707519839,21.2143502167496,0.0710271710099284,0.544777635424726
"Variable_14.3","C",0.0859223218120427,0.160801469739661,5.40079648146895,16.7427073017743,0.0684620124654987,0.348840264388263
"Variable_15.1","B",0.278209044919833,0.08445272249498,4.25778052996339,23.3572396372493,0.0579326621687753,0.592320820711341
"Variable_15.2","A",0.0211321332245022,0.240805425641036,4.29453599848791,0.526419045453128,0.105313546070892,0.159596058783584
"Variable_15.3","C",0.965218853285054,0.00252540666646298,4.27195204128344,20.218764515175,0.00786028633737413,0.997164476085447
"Variable_16.1","B",0.868839001901445,0.00964951684057266,-1.35314984755872,20.7957754590694,0.307014716729802,0.964973090602404
"Variable_16.2","A",0.11761081389109,0.141770624717676,-1.2903058829488,9.18336247089201,0.705076419417665,0.400972286999299
"Variable_16.3","C",0.296758761331816,0.0831156937012473,-0.962242023922797,19.0269031185058,0.402680426424791,0.615499653132656
"Variable_17.1","B",0.433608025432864,0.0559994911550305,0.974145690063873,9.14004738067931,0.509973155520846,0.751229841399012
"Variable_17.2","A",0.00293388916716728,0.34066956766872,1.01365936055901,8.18763158322471,0.958433086134142,0.0518835136930634
"Variable_17.3","C",0.0885175395631735,0.159015852299413,0.741834953172026,2.93077353180274,0.58798596680026,0.351104057963867
"Variable_18.1","B",0.0849422368791691,0.156380787760207,0.602431188429881,23.8580724123631,0.739095347106731,0.348840264388263
"Variable_18.2","A",0.242558895903395,0.0962290618878799,1.45263021711391,21.9929717765688,0.477563445727874,0.582141350168147
"Variable_18.3","C",0.790669855164908,0.0166368233423961,1.86830676987745,17.3968751261321,0.11735954972109,0.962554606287715
"Variable_19.1","B",0.442693766056182,0.0546484548736038,4.56950981600965,15.887859895248,0.107446203255821,0.758903598953454
"Variable_19.2","A",6.97988977553566e-05,0.495185244884897,4.37102315473684,19.5102662764345,0.253209160718377,0.00260582551619998
"Variable_19.3","C",0.151523821856108,0.126097619089813,4.39660557491842,13.0099613654031,0.0938333470662031,0.462836401305931
"Variable_20.1","B",0.742041227436465,0.020365655511414,7.91894648913412,11.7589219561224,0.0985537742839114,0.94441610764641
"Variable_20.2","A",0.0349075085338586,0.213094147718657,7.76998922052183,21.2708691119958,0.243982537074969,0.221300431459934
"Variable_20.3","C",0.986057144849863,0.00100242365323109,7.83872643331381,8.79418945137215,0.0100851872419062,0.997700160542208
"Variable_21.1","B",0.556508731738634,0.0396128431595776,-3.85346896183866,19.6713403142789,1.09276911754908,0.826218978426
"Variable_21.2","A",0.00479635450704648,0.317109917836134,-3.84526397839525,8.53965762072336,2.28917552845347,0.0767416721127437
"Variable_21.3","C",0.825736266471571,0.0135840248818889,-4.01853871586966,9.47607041973889,0.325844008505726,0.964973090602404
"Variable_22.1","B",0.976063490072341,0.00166947682790828,6.4188438106202,19.9129539677428,0.0205894025619868,0.997700160542208
"Variable_22.2","A",0.0148025792379693,0.259866922376381,6.52053194099573,22.8336207357586,0.291060799250298,0.127529913434812
"Variable_22.3","C",0.957244734406312,0.00311629064002299,6.71613282709089,5.93428710507258,0.0164609742242493,0.997164476085447
"Variable_23.1","B",0.0147858911433404,0.252204949163882,-1.31340888417379,22.899988708102,0.228180224135017,0.127529913434812
"Variable_23.2","A",0.608199381773011,0.0348946736851973,-1.65769017328684,0.537596099095452,0.0728046723288421,0.840217265218048
"Variable_23.3","C",0.413943762981288,0.061058213228148,-1.89193073740509,5.52694639938785,0.0932864958896069,0.735900023077845
"Variable_24.1","B",0.800457219624385,0.0152325984064487,0.847681897289906,22.2783409909726,0.132714526889149,0.964973090602404
"Variable_24.2","A",0.347645054733616,0.0726920053755661,0.941223623399698,21.3974305114746,0.359582509550633,0.679120572037762
"Variable_24.3","C",0.588580367522685,0.0371523935378142,1.04928255854087,7.90223475744851,0.241304943617978,0.832364669749927
"Variable_25.1","B",0.809269693668005,0.0144887068612552,2.35170327017581,2.97165238342195,0.10207094517451,0.964973090602404
"Variable_25.2","A",0.0172807297206246,0.251638258467297,2.24020535196043,21.764145699525,0.303993622822452,0.141617687466582
"Variable_25.3","C",0.534975510512156,0.0436975273536771,2.19534834831639,11.8225754686243,0.082166360038284,0.814113186888063
"Variable_26.1","B",0.19899329549817,0.105368819255161,0.185124843371031,4.84498089890589,0.0828764252695691,0.543591441360856
"Variable_26.2","A",1.09822389352899e-05,0.557652441184317,0.122238252262134,1.90273076965908,0.22231681061635,0.000615005380376233
"Variable_26.3","C",3.42039652385487e-05,0.520260518768329,-0.00881858138507419,3.72125071036928,0.242963592821017,0.00143656654001904
"Variable_27.1","B",0.998231663347225,0.000122054758000584,1.15184928748149,14.5847280874309,0.0854013717831038,0.998231663347225
"Variable_27.2","A",0.599084394856119,0.0359350666755994,4.09097325395622,15.5100223578129,0.831802968066698,0.835237994488199
"Variable_27.3","C",0.38343070105512,0.0661796179623823,5.48012115749744,22.0514327065214,0.56923990072782,0.707872063486376
"Variable_28.1","B",0.992409778417515,0.000525322239614114,0.604954143309061,4.02446553256852,0.0249160460115525,0.997700160542208
"Variable_28.2","A",0.679716746656608,0.0272003035026956,0.952499115587163,15.3205051935785,0.148825425212347,0.892128229986798
"Variable_28.3","C",0.0838284859501102,0.162279001705552,1.23430552858333,1.08541105637127,0.192325355729375,0.348840264388263
"Variable_29.1","B",0.533674300043889,0.04238383573453,-1.04327602551956,8.71323001109764,0.111916839901709,0.814113186888063
"Variable_29.2","A",0.0604794027947591,0.181588046640493,-1.15380309615747,22.0623638649627,0.161157641289981,0.298839402044692
"Variable_29.3","C",0.536309305780929,0.0435274210885693,-1.1656551031117,6.98738884552134,0.0543762988278889,0.814113186888063
"Variable_30.1","B",0.224124637709802,0.0980007439437953,8.05237380302525,10.3933220521815,0.0653324354883011,0.570499077806769
"Variable_30.2","A",0.674197334942578,0.0277666771292946,8.06731528473481,23.7082622050951,0.0255817097580643,0.888354135453749
"Variable_30.3","C",0.944571534122453,0.00406484871414103,8.08046121659048,19.1297524349461,0.0049626361840268,0.995233480959537
"Variable_31.1","B",0.740451670404833,0.0205105252049358,1.20351699114283,5.75222241329087,0.0433510969071361,0.94441610764641
"Variable_31.2","A",0.574815709392748,0.0387785061800152,1.1008068916344,22.5466850352868,0.0473848208673186,0.826218978426
"Variable_31.3","C",0.0065579635317088,0.301679279816759,1.09364271044389,9.70314124464861,0.125994993252349,0.0881390298661663
"Variable_32.1","B",0.779690092016703,0.0170162331327361,3.37512020249162,6.50052156409264,0.109338707293316,0.956116317217563
"Variable_32.2","A",0.162892779008353,0.121569768524211,3.26162704538413,20.7169703555981,0.181474374858024,0.488678337025059
"Variable_32.3","C",0.0407399982879527,0.204361506927852,3.14561177552627,12.1528499836716,0.164547093948652,0.2401515688553
"Variable_33.1","B",0.688605287744354,0.0254019421288168,9.04697043141163,9.11444946077835,0.089506639364923,0.900277730280556
"Variable_33.2","A",0.1716217435189,0.118288320737029,8.99994144846675,0.125892279756336,0.169269773350576,0.5058325072136
"Variable_33.3","C",0.945948842650128,0.00396119005862969,9.12431893120191,13.8235415926818,0.0220274348275005,0.995233480959537
"Variable_34.1","B",2.36356776122951e-05,0.520337542578482,-0.710827301905698,14.3741371751679,1.16402786583945,0.00113451252539016
"Variable_34.2","A",1.06500541234383e-05,0.558621835882843,-0.768134044311259,19.9763378302507,0.623861844931144,0.000615005380376233
"Variable_34.3","C",0.993710502923207,0.000450566984877881,-0.18387105376666,6.019823043496,0.00832646872110798,0.997700160542208
"Variable_35.1","B",0.0703562910486729,0.167271073864795,0.275761968718046,8.90974052312234,0.821110955289172,0.332953715385269
"Variable_35.2","A",0.189453060494548,0.112040877705187,-0.498166272828838,18.3701920980816,0.448146198912974,0.534926288455195
"Variable_35.3","C",0.947841410437654,0.00381898045250133,-1.17821481449379,22.9629929956347,0.104956718671404,0.995233480959537
"Variable_36.1","B",0.867552210654399,0.00975074219675292,0.952269866083723,13.6218670252304,0.0432714643715444,0.964973090602404
"Variable_36.2","A",0.143578743661295,0.129453139794221,0.753913346985292,20.082664479753,0.0890859560903116,0.446689424724028
"Variable_36.3","C",0.314469504607311,0.0793114278277375,0.784437756866423,12.5496548164626,0.0428452105230845,0.644278985049125
"Variable_37.1","B",0.0787144212032785,0.160799344848431,0.041208112555807,11.2881927757297,0.761688383233866,0.346376638698888
"Variable_37.2","A",0.0551904126216135,0.186920301948571,-0.263823564960779,17.4291263330492,0.995561775721837,0.285303166557672
"Variable_37.3","C",0.747319289254046,0.0205895623705547,0.381464084191838,15.2731399933433,0.253989607090949,0.945049550399083
"Variable_38.1","B",0.342864160636462,0.0711631123733169,6.00638017163688,10.3095108397862,0.0465568219908723,0.676711121668683
"Variable_38.2","A",0.761248329478485,0.019296790460079,5.95273981898168,3.98946348899336,0.0326397498712287,0.947331254462114
"Variable_38.3","C",0.32618173141155,0.0769034736725361,6.02684711281923,12.5804969135616,0.0359142990859115,0.656269830863958
"Variable_39.1","B",0.0432367253843922,0.194768265310116,0.480091964031292,12.6713390814981,0.343118556464282,0.250474822916479
"Variable_39.2","A",0.523383091193662,0.0451927852222153,0.433780238153572,12.9787220708895,0.148822392922858,0.814113186888063
"Variable_39.3","C",0.641446258116751,0.0312187294476578,0.152452852490687,7.44842846730002,0.147283448234518,0.869056220674307
"Variable_40.1","B",0.0190206045576904,0.23910309963305,-0.0332691432151434,1.64820303895503,0.154613324400385,0.152164836461523
"Variable_40.2","A",0.851723905001023,0.0113983169990967,-0.376909345747074,8.48899663397281,0.061131608635087,0.964973090602404
"Variable_40.3","C",0.125846497902689,0.137611536478974,-0.341301881687535,22.9800806806119,0.0833854558863059,0.4145531695618
"Variable_41.1","B",0.47643406789513,0.0498475399129113,-3.13363630270405,4.43743164644868,0.170430898539517,0.770880792493005
"Variable_41.2","A",0.0926257801434387,0.156286235732921,-3.31912442008984,22.0928944540531,0.204502250991645,0.359020189775406
"Variable_41.3","C",0.25938303403946,0.0918895291482337,-3.21603135894103,11.1879215172812,0.100430294792962,0.587068965985614
"Variable_42.1","B",0.78897669331191,0.0162132307385757,2.07098403430337,6.44412535791186,0.0927878159333298,0.962554606287715
"Variable_42.2","A",0.0653623389109408,0.177036560830539,2.00443602474392,22.6922189819249,0.162680952426009,0.317193951760763
"Variable_42.3","C",0.247676235795731,0.0948802859614559,1.95629411172655,8.39775459828805,0.0944037506853384,0.583752471579385
"Variable_43.1","B",0.610157775932154,0.0334976664895935,-0.967478355357406,12.4373724087813,0.321553981286928,0.840217265218048
"Variable_43.2","A",0.177721217793658,0.116086130225364,-1.39953813676092,21.0564207164804,0.579770931036069,0.510378881868966
"Variable_43.3","C",0.824901031744046,0.0136553271403724,-1.42513331127771,5.80540795449264,0.139788656932292,0.964973090602404
"Variable_44.1","B",0.176943099058866,0.112585629621479,1.46047814969968,23.7099672017558,0.338683809835177,0.510378881868966
"Variable_44.2","A",0.573820989272234,0.0388974157730996,1.96677639582165,7.03901267199948,0.263197545865608,0.826218978426
"Variable_44.3","C",0.285407869792829,0.0856663352688146,2.33446009627391,13.3531817547688,0.316250940565986,0.599022027599833
"Variable_45.1","B",0.0773409844840484,0.161817479638358,-0.656867635494407,16.238076738421,0.776405562189672,0.346376638698888
"Variable_45.2","A",0.235398087699947,0.098161481101341,-0.735679762249115,18.8383729979317,0.610673217587288,0.582141350168147
"Variable_45.3","C",0.282549356372675,0.0863235069239324,-0.938311173436152,12.6325572685627,0.406106118291904,0.59708543233471
"Variable_46.1","B",0.896752599052553,0.00748736444794332,1.09608395268074,10.9992889498325,0.139456563041277,0.971964107360186
"Variable_46.2","A",0.0833287596901095,0.162636700012509,0.880735514283828,21.0237773244156,0.526631907998655,0.348840264388263
"Variable_46.3","C",0.807449751351752,0.0151606491158828,0.958735846152708,7.19841679761254,0.111037855438371,0.964973090602404
"Variable_47.1","B",0.278531814501166,0.0843795075592662,-7.35372988090656,3.28173765006126,0.718527714719609,0.592320820711341
"Variable_47.2","A",0.562275051861132,0.0402918099997785,-5.7973942254733,21.212654131815,0.313466664754193,0.826218978426
"Variable_47.3","C",0.480647486002813,0.0509844382845858,-5.32621545634426,16.3945912166207,0.288752648891607,0.770880792493005
"Variable_48.1","B",2.69200328521414e-07,0.647708824666947,-1.52511584326134,10.0589704585816,0.66892609673822,2.33857635928809e-05
"Variable_48.2","A",2.94694697516691e-10,0.791435263968247,-1.51631301558088,9.54190402375469,0.810403981065219,4.95087091828041e-08
"Variable_48.3","C",7.61885368651653e-13,0.863723588776837,-1.78265945270555,9.21559794698317,0.897651554139466,2.55993483866955e-10
"Variable_49.1","B",0.322046820452545,0.0751668669124313,1.12357879765483,21.6308779617115,0.084706150237991,0.653497480986399
"Variable_49.2","A",0.202003705784709,0.107963120558516,0.760183233083126,5.51417898860353,0.639487098453601,0.544777635424726
"Variable_49.3","C",0.0660820732834923,0.176392559405568,0.957969447616827,17.2285139316843,0.100036573152921,0.317193951760763
"Variable_50.1","B",0.771273454631431,0.0177517406234778,-3.64433678486936,23.4388455356654,0.0348206354806474,0.952749561603532
"Variable_50.2","A",0.268343467187083,0.0896839159257091,-3.67085600065555,4.62631142371581,0.0721078188105942,0.587068965985614
"Variable_50.3","C",0.654892713339466,0.0297820683759237,-3.66908006831304,2.68433585270208,0.0385166852312415,0.876669130207413
"Variable_51.1","B",0.555521644266241,0.0397304197480578,-3.65879137009062,15.9397964283517,0.7052135756749,0.826218978426
"Variable_51.2","A",0.667453248502579,0.0284645943247339,-3.70347991208225,10.1844830570849,0.528393545229292,0.882930281483727
"Variable_51.3","C",0.967486961916238,0.00235816730341764,-2.94764062008876,19.6194975611394,0.139178615307363,0.997164476085447
"Variable_52.1","B",0.863633506001873,0.010059870191666,-5.02226296031773,22.9728199159978,0.0483885349127935,0.964973090602404
"Variable_52.2","A",0.276052233920634,0.0878404598621813,-4.73062793384849,19.2318847055569,0.481310705404696,0.592320820711341
"Variable_52.3","C",0.20939685698314,0.105669857459943,-4.61071736719561,9.27235820209072,0.433293417469098,0.553832340658174
"Variable_53.1","B",0.0139765975352808,0.255102267296505,3.99550242540402,14.2477546331154,0.383630917197036,0.127529913434812
"Variable_53.2","A",0.43973053050178,0.0569964449828771,4.0227057808103,17.1678314549108,0.145952509403452,0.75768952947999
"Variable_53.3","C",0.212207478191473,0.104817718671688,4.22042047621777,17.2265065080959,0.232303783701749,0.553832340658174
"Variable_54.1","B",0.893861421479008,0.00770838000360728,1.47557632028197,13.9921318961198,0.05670962882924,0.971964107360186
"Variable_54.2","A",0.0773339315523658,0.16709040802154,1.61593144973961,20.7421423348316,0.311283828863218,0.346376638698888
"Variable_54.3","C",0.254670414895927,0.0930780929837927,1.7363217470729,10.6436183178592,0.205224306481713,0.583752471579385
"Variable_55.1","B",0.340253833927277,0.07165253974938,1.59283586467879,15.6893699174317,0.552735887748522,0.676480995263698
"Variable_55.2","A",0.00533323767333442,0.311914810848524,1.47769309679422,9.53827699432134,0.979262692296055,0.0810266240208817
"Variable_55.3","C",0.859646944466105,0.0107442567994002,1.17995601339056,14.3615980015474,0.134959852439875,0.964973090602404
"Variable_56.1","B",0.865302220109591,0.00992807394099276,-2.33045520719069,5.16908633421431,0.0562692408045172,0.964973090602404
"Variable_56.2","A",0.233935908149848,0.0985627672761031,-2.5304328182505,21.4017228618958,0.13843807074974,0.582141350168147
"Variable_56.3","C",0.401289514326406,0.0631381422270823,-2.57609045415322,11.5035852782513,0.0829310998244372,0.728828523317148
"Variable_57.1","B",0.963647766791835,0.00255049630796846,4.02178947382556,17.5459224783352,0.0512141217354422,0.997164476085447
"Variable_57.2","A",0.219948504492312,0.102523822529072,3.85762669474266,22.3423431393536,0.297981147614866,0.564142729079517
"Variable_57.3","C",0.447300475639955,0.055846056481041,3.91698372049206,2.49249172118598,0.146952902086789,0.761712043364816
"Variable_58.1","B",0.212632059359835,0.10126931756212,-0.891411740945145,20.645392616873,0.143186104497795,0.553832340658174
"Variable_58.2","A",0.185364167677876,0.113423679596852,-0.695279908421257,18.6689223531395,0.175428226971038,0.527816613048866
"Variable_58.3","C",0.00578761600149155,0.307884539521328,-0.861372615660615,5.38105121153502,0.295840306837306,0.0810266240208817
"Variable_59.1","B",0.836626010158639,0.0122265804850453,4.22543651017379,12.4265999209263,0.0463180395093094,0.964973090602404
"Variable_59.2","A",0.36327319758149,0.0697748076289374,4.41583067257322,6.60198793692964,0.109317012472094,0.695313150804534
"Variable_59.3","C",0.322858874534947,0.0775783649728491,4.42097392573687,19.0212958345706,0.100929084080832,0.653497480986399
"Variable_60.1","B",0.00248893099326136,0.338675397280232,-3.04122990133812,15.7000040109711,0.898004459654875,0.0501191614898877
"Variable_60.2","A",0.433745801283953,0.0579190226117225,-3.17077432181626,20.0982483999814,0.185138573131388,0.751229841399012
"Variable_60.3","C",0.000916778258592267,0.393237294759435,-2.85987318943554,3.55431250894161,0.594959082540976,0.0220026782062144
"Variable_61.1","B",0.485479773558758,0.0486142758732599,-3.69909653981286,23.0178031693517,0.547914321763904,0.773086274482194
"Variable_61.2","A",0.0360151761487425,0.211336349758048,-3.33518207098299,7.97518418881253,0.599915673911022,0.221888160620806
"Variable_61.3","C",0.652566464828459,0.0300286407935475,-3.01387233320029,0.996778634307393,0.139785466823446,0.876669130207413
"Variable_62.1","B",0.219901084246534,0.0991834212537972,-3.12132272868115,23.6692872796911,0.253732596047901,0.564142729079517
"Variable_62.2","A",0.0346472758387717,0.213514627923272,-2.90804657507621,5.60081852893253,0.194167952325315,0.221300431459934
"Variable_62.3","C",0.13740013812177,0.13218399608882,-2.82165637607828,0.307347833222121,0.150175127833729,0.431462115971167
"Variable_63.1","B",0.576176650562141,0.0373096978873128,-2.05738763535963,0.841355281631927,0.884367027571306,0.826218978426
"Variable_63.2","A",0.0551925768638353,0.186918024548138,-1.36260107250733,21.2606810432251,1.35802506907676,0.285303166557672
"Variable_63.3","C",0.87297144993409,0.00965681537924589,-0.43134858777678,20.5712046938201,0.123626396680035,0.964973090602404
"Variable_64.1","B",0.994730814826309,0.000364286479046156,-3.10939343029269,14.7318367878889,0.0169981453813098,0.997700160542208
"Variable_64.2","A",0.000859630169160215,0.396020413233145,-3.45700008078318,8.61835735150247,0.417856457875112,0.0220026782062144
"Variable_64.3","C",0.696301137804439,0.0255238333668552,-3.2993279222286,20.2351888391849,0.164865530316355,0.905031289188668
"Variable_65.1","B",0.92253934582812,0.00554493205152004,-2.35492559465759,16.8293210199217,0.016278908640081,0.987175860503976
"Variable_65.2","A",0.609203363355513,0.0347809649514703,-2.34144488305251,5.24100712508979,0.0522043337276166,0.840217265218048
"Variable_65.3","C",0.827075003918585,0.0134698792163664,-2.26707681588816,12.1363001229663,0.0286238734792916,0.964973090602404
"Variable_66.1","B",0.396204347188096,0.0618543003315936,-6.76536780933986,1.56317651367916,0.552920633602829,0.725250340438103
"Variable_66.2","A",0.0461092430711257,0.197294414036807,-6.51656542385599,21.7841852011684,0.92373657760436,0.255283859968983
"Variable_66.3","C",0.11852411211438,0.141296295504731,-5.67928829524203,16.5888058231894,0.322037623767279,0.400972286999299
"Variable_67.1","B",0.96636547149941,0.00235674825189602,-5.57930321836261,0.78163557065891,0.309683143405773,0.997164476085447
"Variable_67.2","A",0.00842330921210667,0.289080877813489,-4.18441848099024,20.2685230626178,1.907988177915,0.104823403528439
"Variable_67.3","C",0.872738384533557,0.00967570352325551,-4.31558960741402,1.67965738970886,0.382414911465263,0.964973090602404
"Variable_68.1","B",0.377514585041162,0.0649754449405966,-1.99327872733376,16.1708799547383,0.0586556913008482,0.704740228690448
"Variable_68.2","A",0.251356180675918,0.0939262665955432,-2.04788080482521,9.54435631993858,0.0536405038351917,0.583752471579385
"Variable_68.3","C",0.935991258250842,0.00471379375304581,-2.04566440559377,21.4585476302044,0.0108910145389528,0.994704348420324
"Variable_69.1","B",0.858008440241337,0.0105058953762456,0.560765522409385,7.99827190989728,0.113101130506126,0.964973090602404
"Variable_69.2","A",0.471027925052992,0.0523538781092878,0.283587151035427,7.03704531931584,0.292756017641297,0.770880792493005
"Variable_69.3","C",0.128581397785224,0.136286182641871,0.028618953987267,0.659872427953736,0.586965368838855,0.419449996658593
"Variable_70.1","B",0.457582922661693,0.0524892964306836,-3.73551234461182,11.1969817790009,0.0600956917068725,0.770880792493005
"Variable_70.2","A",0.580320472942071,0.0381238970746221,-3.72690010377277,15.8336967495877,0.055942686863959,0.826218978426
"Variable_70.3","C",0.00560757123768967,0.309445117953764,-3.74987756401783,9.91578816363886,0.12874590660399,0.0810266240208817
"Variable_71.1","B",0.242374797114444,0.0931178387869557,-2.97920614873733,9.09470130472971,0.155210609446209,0.582141350168147
"Variable_71.2","A",0.252675501900939,0.093587390911768,-2.98625001802495,21.0959888680191,0.145467321919509,0.583752471579385
"Variable_71.3","C",0.0929605848525604,0.156068765899386,-3.05478973831069,7.98367517957487,0.115969563197899,0.359020189775406
"Variable_72.1","B",0.0469783362576066,0.190145996890464,-2.97181867522156,20.9288033299614,0.213095869707644,0.255283859968983
"Variable_72.2","A",0.597996596003998,0.0360602092943069,-2.86295770666949,21.2927029895397,0.133325159138151,0.835237994488199
"Variable_72.3","C",0.104037033201531,0.149255519911415,-2.65497405453918,3.10002708958063,0.164676888437034,0.385409328216588
"Variable_73.1","B",0.520743741490515,0.0440023346927958,-3.94262764316932,6.36039843004131,0.157465933642692,0.813813475073548
"Variable_73.2","A",0.0575422057250957,0.184493160892938,-3.82242185178888,10.256186981125,0.362892463756589,0.289426787321201
"Variable_73.3","C",0.43211503631,0.0581724628463522,-4.29119256974213,18.4772506581869,0.126368680959269,0.751229841399012
"Variable_74.1","B",0.919317373599577,0.00578484912687134,-0.560462186489541,12.5492012327725,0.0524434334278959,0.987175860503976
"Variable_74.2","A",0.0140565875258115,0.262595629600963,-0.622744045587658,20.584000562487,0.274306345018975,0.127529913434812
"Variable_74.3","C",0.238058388488845,0.0974372781165275,-0.466894315133097,13.8524610713415,0.094089611749787,0.582141350168147
"Variable_75.1","B",0.821690770047655,0.0134529068240234,-3.55096465656112,16.1287262872894,0.451581138797311,0.964973090602404
"Variable_75.2","A",0.0471059503514195,0.19606729280322,-4.45013817768538,9.44419374187437,1.59298370072898,0.255283859968983
"Variable_75.3","C",0.869011134651604,0.00997840635630453,-4.54990340126629,21.0786475978908,0.289556569049934,0.964973090602404
"Variable_76.1","B",0.480720184079544,0.0492604909446198,-1.20737046399879,0.571300113002014,0.182237807237204,0.770880792493005
"Variable_76.2","A",0.105515779220942,0.14839744079796,-1.34889864398672,5.09288156438695,0.243861348570036,0.385409328216588
"Variable_76.3","C",0.00261024451558963,0.346151355106779,-1.31502849489032,0.823101865981123,0.243388082523291,0.0501191614898877
"Variable_77.1","B",0.110129107094293,0.141136228025123,3.36883783465929,23.6531344990006,0.620584444029651,0.397885806276154
"Variable_77.2","A",0.175165744042709,0.11700009758242,4.10987172662958,22.0163930485541,0.454255269782806,0.510378881868966
"Variable_77.3","C",0.820125093283632,0.0140643313207854,4.47167751393101,17.1211416685349,0.0942101963647812,0.964973090602404
"Variable_78.1","B",0.916018261648643,0.00603132281071013,4.27276680115502,0.955951317324367,0.0225783968299622,0.987175860503976
"Variable_78.2","A",0.86399714301988,0.0103875172637579,4.26100498040838,2.89264077779157,0.0312269057381072,0.964973090602404
"Variable_78.3","C",0.826782209152937,0.0134948293065133,4.2557857513248,6.11815409557296,0.0299572306870937,0.964973090602404
"Variable_79.1","B",0.475156333249409,0.0500234966717864,-2.94046153434527,14.0970296611381,0.261468597122761,0.770880792493005
"Variable_79.2","A",0.589591641072865,0.0370343217343847,-3.33648580082216,0.370748575435616,0.161656431909167,0.832364669749927
"Variable_79.3","C",0.0861718510244816,0.160627622744104,-3.52985725670668,15.1353336604665,0.259154370488882,0.348840264388263
"Variable_80.1","B",0.262141352887023,0.0882012289439842,5.9886109956038,23.585506795782,0.56988737071143,0.587068965985614
"Variable_80.2","A",0.0127587293547122,0.267680615007329,6.27009176074043,8.26000154404457,0.917320557358008,0.122483801805237
"Variable_80.3","C",0.204291613284272,0.107245225935036,6.43825117187883,22.187011517953,0.554204070029011,0.544777635424726
"Variable_81.1","B",0.0735517471601964,0.164716313410736,1.1881029432789,11.6965169510181,0.261473557164073,0.338539548572959
"Variable_81.2","A",0.0734545663612601,0.170146666653165,1.15348107601099,5.70497157601072,0.274574226503951,0.338539548572959
"Variable_81.3","C",0.248500952555298,0.0946653406517071,1.07968486791107,19.9473987604741,0.197734053265662,0.583752471579385
"Variable_82.1","B",0.896213568724371,0.00752852016311463,0.465963655413755,11.1347560691857,0.0926272825896566,0.971964107360186
"Variable_82.2","A",0.119336990178363,0.140876966424486,0.374869353322544,10.0201232584212,0.342571977100366,0.400972286999299
"Variable_82.3","C",0.660608062838274,0.0291797023678672,0.0587837073758423,9.35516290930442,0.074920765830348,0.87732928503423
"Variable_83.1","B",0.411373635109317,0.0594202649935502,1.77372270951311,2.46616763608441,0.726241071404486,0.735900023077845
"Variable_83.2","A",0.0281419567387608,0.225110828094341,2.21757021501176,21.2559471575954,1.18473122874195,0.192973417637217
"Variable_83.3","C",0.833943397588608,0.0128869392909653,3.0174748241373,22.2737704061118,0.119093219967438,0.964973090602404
"Variable_84.1","B",0.846703057771379,0.0114106218947578,1.36969490707407,6.73420625370143,0.110611514032235,0.964973090602404
"Variable_84.2","A",0.28703138822492,0.0852958050512459,1.25344664000362,22.3384581563511,0.175769970850746,0.599022027599833
"Variable_84.3","C",0.251891142691397,0.0937886597265516,1.08248567697429,12.5069072033995,0.148166723427044,0.583752471579385
"Variable_85.1","B",0.765356589752769,0.0182732863779294,2.30956619344378,4.58739889878746,0.143733358721135,0.948929203531108
"Variable_85.2","A",0.13170804147907,0.134802683622836,2.12399714890309,21.1054118438742,0.239366170584605,0.425461129452645
"Variable_85.3","C",0.166504989037554,0.12019249809414,2.02546431242594,12.8474642975051,0.152010648439403,0.495094480678036
"Variable_86.1","B",0.540319168678684,0.041566257936937,0.926225219793643,6.84991590573663,0.187882554626768,0.814113186888063
"Variable_86.2","A",0.501627516423061,0.0480839093351202,0.717418652974061,22.1047910692329,0.125497791166405,0.79129974421666
"Variable_86.3","C",0.0104178778419135,0.278206769966326,0.676829395803361,9.13518559061787,0.229084457648261,0.116199716832826
"Variable_87.1","B",0.366281034798817,0.066921383564394,-1.99687575341799,11.0927518133465,0.140186006894756,0.695313150804534
"Variable_87.2","A",0.566034209590844,0.0398349232955168,-2.0507600353375,11.7811264022799,0.082016747161009,0.826218978426
"Variable_87.3","C",0.42134382169056,0.0598690923905481,-2.31510944221222,11.9147531147758,0.0907980853074344,0.745113284673833
"Variable_88.1","B",0.938456185860841,0.00437104727308606,-3.47012281176434,19.010688352735,0.103244492805129,0.994704348420324
"Variable_88.2","A",0.480058732630724,0.0510675187925811,-3.37024295734834,21.9919202477215,0.318204144371983,0.770880792493005
"Variable_88.3","C",0.403461369468346,0.0627768724029724,-3.24987470268206,9.51983301758035,0.19121128683851,0.728833441620238
"Variable_89.1","B",0.579954821215446,0.0368756652713403,-4.22618538370063,6.36950056502431,0.264981882746214,0.826218978426
"Variable_89.2","A",0.116157701494567,0.142532407762301,-4.36913248438307,20.9179548753666,0.427033517550845,0.400972286999299
"Variable_89.3","C",0.231070828375015,0.099355869744626,-4.48729372823953,13.5090000924762,0.251943724226297,0.582141350168147
"Variable_90.1","B",0.652184654396734,0.0290475302824934,-0.321451391189691,7.33863597303842,0.222850445588981,0.876669130207413
"Variable_90.2","A",0.000410815252400016,0.427048828992702,-0.325819506341583,20.4794316642435,0.63431332424921,0.0125485386187641
"Variable_90.3","C",0.0793779797018285,0.165536882928517,-0.240273001242653,7.37905265236757,0.188968456066784,0.346376638698888
"Variable_91.1","B",0.0213744721585157,0.232955831873688,-2.7901890271988,23.8047023498818,0.0860118580048516,0.159596058783584
"Variable_91.2","A",0.0888209670444306,0.158810265541952,-2.80086026380954,22.8260517310506,0.0721785055644526,0.351104057963867
"Variable_91.3","C",8.16375959706808e-05,0.489504218458528,-2.81118384096475,20.4687299702657,0.128165233505061,0.00274302322461487
"Variable_92.1","B",0.87373729118709,0.00926546585973021,-3.67868885986575,16.268461422019,0.184107801317737,0.964973090602404
"Variable_92.2","A",0.009874757577466,0.280961923831125,-3.50212771358275,8.7979794022776,0.923809428274223,0.114410984345813
"Variable_92.3","C",0.337500037180085,0.074651610985955,-3.64206574077689,16.4208881341935,0.339182981356537,0.675000074360169
"Variable_93.1","B",0.195613721883477,0.106425046225953,-4.22948791595877,18.2889852310563,0.0656069776218626,0.538739430761052
"Variable_93.2","A",0.706741749625178,0.024487338714719,-4.32273807905875,4.63268274523789,0.034130182124034,0.913327799515615
"Variable_93.3","C",0.889958592227537,0.00829259253042487,-4.40273050615491,22.0652591109983,0.0148341680964808,0.971964107360186
"Variable_94.1","B",0.531435863882273,0.0426613858043152,-4.66307953047391,3.33470504461531,0.353782883191218,0.814113186888063
"Variable_94.2","A",0.0235596262985708,0.234885708650764,-4.77057428018405,8.60922187529233,0.866966692208409,0.168426264602549
"Variable_94.3","C",0.990552739789739,0.000677782247333481,-5.87860356991827,18.3336168240417,0.0640765503445786,0.997700160542208
"Variable_95.1","B",0.488517652563101,0.0482048963493879,-2.90624778427161,14.4081626566257,0.178332629147976,0.774254392741518
"Variable_95.2","A",0.0244066399308917,0.232952957832731,-2.87561946066082,21.0748735437361,0.183249434352763,0.170846479516242
"Variable_95.3","C",0.266912155148358,0.0900316004398326,-3.36397510283502,22.6379511284003,0.0893390902818031,0.587068965985614
"Variable_96.1","B",0.412961962604536,0.0591702581717062,0.528519411202971,5.59732412776196,0.0803433710153844,0.735900023077845
"Variable_96.2","A",0.756574670342663,0.0197280923072756,0.543571462783272,22.9201699462265,0.0390351673794131,0.945049550399083
"Variable_96.3","C",0.344397624420669,0.0733134329971837,0.549425098938723,7.84065017670365,0.070482951568469,0.676711121668683
"Variable_97.1","B",0.364366308454557,0.0672585944917667,-2.79608094267523,3.5313318474332,0.219020119555683,0.695313150804534
"Variable_97.2","A",0.0110666396983644,0.275085409851521,-2.96744735405952,21.7718518368118,0.311175185568543,0.116199716832826
"Variable_97.3","C",0.614373272278365,0.0341981734392522,-2.96472866055956,21.3967723872381,0.0727422780437265,0.842569059124614
"Variable_98.1","B",0.888545185359658,0.00811652150042234,-4.03347350442357,6.49715571727019,0.0528457706599931,0.971964107360186
"Variable_98.2","A",0.0521268180156617,0.190230312912966,-4.1527644483842,22.3743659780369,0.250292435995904,0.278009696083529
"Variable_98.3","C",0.478538238603559,0.0512825181188699,-4.18237129607621,12.1723525716609,0.110591647277716,0.770880792493005
"Variable_99.1","B",0.00769902353752044,0.285113754614564,-4.63752451365418,4.86248375858894,0.175833428812107,0.0994950734079564
"Variable_99.2","A",0.194221535007129,0.110462832872351,-4.58219258529652,3.85281559540306,0.128857347992557,0.538739430761052
"Variable_99.3","C",0.0834854471875534,0.162524331027549,-4.55046819592029,0.747758036405919,0.118602805940202,0.348840264388263
"Variable_100.1","B",0.834781040831857,0.0123769616221217,-2.11528857399047,0.827555299640121,0.0645588879290908,0.964973090602404
"Variable_100.2","A",0.255391706315981,0.0928948599788455,-2.08457460037294,9.61700074526151,0.173538300077149,0.583752471579385
"Variable_100.3","C",0.475372003358386,0.0517322701813202,-2.266266972261,15.7203486105969,0.0921692134016818,0.770880792493005
"Variable_101.1","B",0.7253786182639,0.0218988357508593,4.94596464839784,9.96563609630979,0.141956983655915,0.933820749948928
"Variable_101.2","A",0.105528744630733,0.148389966799838,4.73509824108721,20.6823256422324,0.248167797762145,0.385409328216588
"Variable_101.3","C",0.116092288859739,0.142566907586954,4.67373138900417,11.4453651377,0.168567398903915,0.400972286999299
"Variable_102.1","B",0.270820505142173,0.0861506879625709,-2.09332175671691,12.7515181260088,0.233842335214322,0.587068965985614
"Variable_102.2","A",0.00120259629816376,0.381361230916446,-2.29081253907323,9.15736697758723,0.542461537551096,0.0269381570788682
"Variable_102.3","C",0.242324680052141,0.0962914244847495,-2.37851984559739,10.8707401589648,0.119305331250862,0.582141350168147
"Variable_103.1","B",0.112662582627288,0.139787999920039,-2.00226892923733,5.96536733338015,0.685943191823408,0.400972286999299
"Variable_103.2","A",0.01232823881165,0.269473813223517,-1.55046916434775,20.0167402691672,0.806248841165999,0.122402132944632
"Variable_103.3","C",0.756602169813552,0.019725547331031,-1.42850173131504,22.6998385156201,0.163425520689044,0.945049550399083
"Variable_104.1","B",0.984884503153151,0.00104985543763032,1.99506594527188,23.976183245273,0.0405036396233385,0.997700160542208
"Variable_104.2","A",0.0228363252683114,0.236587941234186,2.06483817309884,20.6697748796915,0.516317914778304,0.166804462829405
"Variable_104.3","C",0.555480914721427,0.0411248105257551,2.09192158939038,10.0718164534928,0.200467189653019,0.826218978426
"Variable_105.1","B",0.577014064303915,0.0372132685098564,0.85188987358787,8.94678495598781,0.241943625406114,0.826218978426
"Variable_105.2","A",0.527650249326567,0.0446388381978816,0.358315060743174,7.86010014180176,0.261089039506443,0.814113186888063
"Variable_105.3","C",0.148014135371968,0.127559250200431,0.0211451419873582,0.580579403944068,0.536772090083542,0.456263756742948
"Variable_106.1","B",0.0369813601034677,0.203400189803055,-2.82736023858403,9.57622279910655,0.137692409228095,0.221888160620806
"Variable_106.2","A",0.270217527315045,0.0892312763696441,-2.71884446693248,18.9657857109712,0.0861100259782112,0.587068965985614
"Variable_106.3","C",0.266860550885229,0.0900441681018122,-2.70908839187822,9.64341359889347,0.0812497996677885,0.587068965985614
"Variable_107.1","B",0.697628285416265,0.0245265491245174,-5.55623425827073,15.2520910287172,0.163329635452924,0.905031289188668
"Variable_107.2","A",0.0369769409889267,0.209850343340148,-5.37732734882141,20.3168488715467,0.351151316410543,0.221888160620806
"Variable_107.3","C",0.464977560829319,0.0532285734550414,-5.49793866452795,8.87492334369443,0.14655289100961,0.770880792493005
"Variable_108.1","B",0.85759459197607,0.010538817839515,0.257333846251204,5.60718316682351,0.0702676183290489,0.964973090602404
"Variable_108.2","A",0.195291326642252,0.11011374902989,0.0248577792475529,20.6483522629736,0.166319360541598,0.538739430761052
"Variable_108.3","C",0.157756625824233,0.123577737826126,-0.0435726746833554,11.7934718366454,0.106385476112682,0.477533570062542
"Variable_109.1","B",0.624183675860572,0.0319815959323063,-4.21205833014646,13.8198984573315,0.406877401176644,0.852535994025037
"Variable_109.2","A",0.0577130796146442,0.184320421761178,-4.7183922251992,9.5201242390354,0.934910160935459,0.289426787321201
"Variable_109.3","C",0.984307744768069,0.00112912506357799,-5.11827086691205,3.25413504662592,0.0572188194111852,0.997700160542208
"Variable_110.1","B",0.819981788830423,0.0135945512678014,-5.23623774921761,5.01856802721073,0.119646468636712,0.964973090602404
"Variable_110.2","A",0.513085979983299,0.0465469853039776,-5.40949956472049,22.6020931209592,0.138982889077703,0.805592940534525
"Variable_110.3","C",0.538821834177409,0.0432080487421331,-5.5130748675323,11.4600998736515,0.10363179496969,0.814113186888063
"Variable_111.1","B",0.428697985047947,0.0567406171227375,-3.34354946663444,8.91366645287047,0.0882320232165119,0.751229841399012
"Variable_111.2","A",0.0304800316390042,0.220680780904793,-3.31856794812583,19.7134465306428,0.205087034462934,0.203583470593943
"Variable_111.3","C",0.626715447988644,0.0328250748032923,-3.33004170597659,20.3359886742128,0.0932971850805479,0.852535994025037
"Variable_112.1","B",0.563563552451614,0.0387781195900242,6.73666206521837,3.34474861862696,0.0699320966954635,0.826218978426
"Variable_112.2","A",0.0109498810389442,0.275634405346478,6.64564171902542,22.009636867095,0.158576742092438,0.116199716832826
"Variable_112.3","C",0.733235173606987,0.0219196795817286,6.65446187262512,15.2490671979853,0.0259180967578033,0.940332131037968
