"","B_p.val","A_p.val","C_p.val","B_r.sq","A_r.sq","C_r.sq","B_avg","A_avg","C_avg","B_acro","A_acro","C_acro","B_amplitude","A_amplitude","C_amplitude","B_q.val","A_q.val","C_q.val","Group:Time_p.val","Group:Time_q.val"
"Variable_1",0.953279769090724,0.0309010625008664,0.777155036376936,0.00329434457458316,0.219916740604677,0.0178470645790712,0.593917483007815,0.580941757829723,0.586853501782754,12.787073592167,22.4749874814279,16.8629490504859,0.0147569344327833,0.13583197041125,0.0229477734018824,0.998231663347225,0.115363966669901,0.990965631763412,0.088923791169248,0.524182347945041
"Variable_2",0.92978248099348,0.00268495507981541,0.312234641184364,0.00500842350774986,0.344832049307181,0.0797803430754868,0.721668574504856,0.69319532822678,0.598165624434965,8.55061502902881,8.79842757165545,16.2450557750439,0.0372254362930346,0.283943670816811,0.101852049633323,0.998231663347225,0.0365106207469705,0.730647078361873,0.064120604284379,0.482447656061035
"Variable_3",2.78401947534297e-07,0.755935356806472,0.448866025554267,0.646891288315603,0.0197872826790997,0.0556104009599481,4.95146014653486,4.87692890319856,3.71257167859243,1.24383731675704,10.3162656396108,6.88316223407906,1.09917381312722,0.126642382549234,0.202928113834166,1.55905090619206e-05,0.775089208196275,0.793553756978093,1.14171571783083e-06,6.39360801985266e-05
"Variable_4",0.860378317094779,0.00986126882921297,0.481800495308128,0.010317651156606,0.281032125049033,0.0508220075487775,2.81187756081465,1.60056717882265,0.971658303229472,16.6305135151821,8.85546484327157,21.0614817186829,0.511111637126468,2.2500129528745,0.663281313409916,0.998231663347225,0.0752093519856717,0.793553756978093,0.137635956529593,0.52465272815753
"Variable_5",0.752800306589062,0.0123859301193973,0.920408105341228,0.0193926192228144,0.269230158224649,0.00590663785609973,-2.37091042418722,-3.52013189064613,-4.09405322475795,17.7586963444389,9.10386800430162,21.0005855384093,0.681249410035781,2.40625246430427,0.234304277997724,0.998231663347225,0.0752093519856717,0.993710502923207,0.149455286389161,0.52465272815753
"Variable_6",0.00358840454136628,0.10347511144231,0.380873932206192,0.321777005262462,0.149584561272385,0.0666257753969995,-1.09436566404204,-1.24222107215925,-1.20901992981728,3.00453768063672,3.39686077544529,18.1436169426837,0.215939056000574,0.117871235599062,0.0554031773973541,0.0669835514388372,0.227292680743116,0.76686140211024,0.0327482692101502,0.454819350897992
"Variable_7",0.467570130670354,0.0155628577169064,0.578055089417045,0.0510773543516848,0.257214316066408,0.0383925882075997,0.69139191744447,0.509996534958179,0.481840695641927,3.44864666771863,21.9868535452576,20.1247607411397,0.189507766700508,0.294973629110648,0.0654548940363768,0.994799583401223,0.0792290938315236,0.886879041297384,0.299149673451293,0.540399410105562
"Variable_8",0.0951646121229802,0.260761731850435,0.59826768288952,0.149743357985979,0.0915456001925318,0.0360290031380678,7.14335506542444,6.98581948587941,7.07605616898262,14.7901603119515,19.8300375183764,16.0953755419396,0.183797008104841,0.0872748309125351,0.0311162987998909,0.532921827888689,0.379289791782451,0.893413073115016,0.202605500484079,0.52465272815753
"Variable_9",0.000499246578527109,0.237318808409909,0.377539408227026,0.40803286935649,0.0976378538092348,0.0672118488623511,1.9148492086871,1.89976166575604,1.84406348639065,5.95408735934748,6.73404545552783,9.7288270845645,0.200488606062879,0.113162733097734,0.069837816866725,0.013978904198759,0.369162590859859,0.76686140211024,0.228525818434778,0.52465272815753
"Variable_10",0.973297846223825,0.0453719926865047,0.357899374580485,0.00186481991462159,0.198218049611619,0.0707645248216416,9.54576312577118,9.48185828304112,9.38225338411774,3.59604478898526,21.8268788332704,12.6085481191974,0.0319763232103963,0.298913357701796,0.117117347020765,0.998231663347225,0.14259098484754,0.756315659490837,0.155550031623643,0.52465272815753
"Variable_11",0.133942143351005,0.365968146745464,0.019906121386656,0.12946267585707,0.0692835763939329,0.244039599751974,-0.715505109482946,-0.719417586710942,-1.14093575906088,11.4550214778743,11.9553328432221,8.1466974089099,0.176336524762082,0.257588447902324,0.278982778979514,0.626373329471949,0.487957528993952,0.222948559530547,0.706732576657084,0.842064346655249
"Variable_12",0.371290253743777,0.120818933760952,0.875942835219444,0.0660468905330261,0.140119274529548,0.00941641716138329,9.65726335874802,9.61921215357762,9.68099803088369,9.95117490449076,21.5134035612254,17.6265826621309,0.0510717831926134,0.0706082352450109,0.0125214212733593,0.994799583401223,0.241637867521903,0.990965631763412,0.173055163957263,0.52465272815753
"Variable_13",0.657811570515225,0.397160900716104,0.113836213102343,0.0284721013540835,0.0638299370106896,0.143767989572288,1.02385178906837,1.26167093635789,1.14312422108128,5.49420661248608,22.076613627862,22.6066267719099,0.17437909850169,0.344748718510613,0.284792663594084,0.998231663347225,0.523317892708278,0.576044662077802,0.847112330671506,0.96513362452373
"Variable_14",0.134222856315418,0.204051940926994,0.0859223218120427,0.12933697412038,0.107320078765394,0.160801469739661,5.44426792547142,5.48500707519839,5.40079648146895,4.97474224000106,21.2143502167496,16.7427073017743,0.08346544061936,0.0710271710099284,0.0684620124654987,0.626373329471949,0.336085549762108,0.54797818439404,0.0210747039856352,0.337195263770163
"Variable_15",0.278209044919833,0.0211321332245022,0.965218853285054,0.08445272249498,0.240805425641036,0.00252540666646298,4.25778052996339,4.29453599848791,4.27195204128344,23.3572396372493,0.526419045453128,20.218764515175,0.0579326621687753,0.105313546070892,0.00786028633737413,0.891301806403732,0.0986166217143437,0.993710502923207,0.230248991741044,0.52465272815753
"Variable_16",0.868839001901445,0.11761081389109,0.296758761331816,0.00964951684057266,0.141770624717676,0.0831156937012473,-1.35314984755872,-1.2903058829488,-0.962242023922797,20.7957754590694,9.18336247089201,19.0269031185058,0.307014716729802,0.705076419417665,0.402680426424791,0.998231663347225,0.241637867521903,0.72254307106877,0.593950445236909,0.770280415852049
"Variable_17",0.433608025432864,0.00293388916716728,0.0885175395631735,0.0559994911550305,0.34066956766872,0.159015852299413,0.974145690063873,1.01365936055901,0.741834953172026,9.14004738067931,8.18763158322471,2.93077353180274,0.509973155520846,0.958433086134142,0.58798596680026,0.994799583401223,0.0365106207469705,0.54797818439404,0.141585302775045,0.52465272815753
"Variable_18",0.0849422368791691,0.242558895903395,0.790669855164908,0.156380787760207,0.0962290618878799,0.0166368233423961,0.602431188429881,1.45263021711391,1.86830676987745,23.8580724123631,21.9929717765688,17.3968751261321,0.739095347106731,0.477563445727874,0.11735954972109,0.50071213318247,0.372145155358633,0.990965631763412,0.248681048674551,0.525514668897165
"Variable_19",0.442693766056182,6.97988977553566e-05,0.151523821856108,0.0546484548736038,0.495185244884897,0.126097619089813,4.56950981600965,4.37102315473684,4.39660557491842,15.887859895248,19.5102662764345,13.0099613654031,0.107446203255821,0.253209160718377,0.0938333470662031,0.994799583401223,0.00195436913714999,0.606095287424434,0.118637773828548,0.52465272815753
"Variable_20",0.742041227436465,0.0349075085338586,0.986057144849863,0.020365655511414,0.213094147718657,0.00100242365323109,7.91894648913412,7.76998922052183,7.83872643331381,11.7589219561224,21.2708691119958,8.79418945137215,0.0985537742839114,0.243982537074969,0.0100851872419062,0.998231663347225,0.121806393845876,0.993710502923207,0.241237935693836,0.52465272815753
"Variable_21",0.556508731738634,0.00479635450704648,0.825736266471571,0.0396128431595776,0.317109917836134,0.0135840248818889,-3.85346896183866,-3.84526397839525,-4.01853871586966,19.6713403142789,8.53965762072336,9.47607041973889,1.09276911754908,2.28917552845347,0.325844008505726,0.998231663347225,0.0537191704789206,0.990965631763412,0.0687151058251846,0.482447656061035
"Variable_22",0.976063490072341,0.0148025792379693,0.957244734406312,0.00166947682790828,0.259866922376381,0.00311629064002299,6.4188438106202,6.52053194099573,6.71613282709089,19.9129539677428,22.8336207357586,5.93428710507258,0.0205894025619868,0.291060799250298,0.0164609742242493,0.998231663347225,0.0789470892691696,0.993710502923207,0.0640589810522058,0.482447656061035
"Variable_23",0.0147858911433404,0.608199381773011,0.413943762981288,0.252204949163882,0.0348946736851973,0.061058213228148,-1.31340888417379,-1.65769017328684,-1.89193073740509,22.899988708102,0.537596099095452,5.52694639938785,0.228180224135017,0.0728046723288421,0.0932864958896069,0.184002200894903,0.662434725202112,0.785791550066174,0.208287444416576,0.52465272815753
"Variable_24",0.800457219624385,0.347645054733616,0.588580367522685,0.0152325984064487,0.0726920053755661,0.0371523935378142,0.847681897289906,0.941223623399698,1.04928255854087,22.2783409909726,21.3974305114746,7.90223475744851,0.132714526889149,0.359582509550633,0.241304943617978,0.998231663347225,0.474832269880061,0.890824340034334,0.77159581034918,0.900195112074044
"Variable_25",0.809269693668005,0.0172807297206246,0.534975510512156,0.0144887068612552,0.251638258467297,0.0436975273536771,2.35170327017581,2.24020535196043,2.19534834831639,2.97165238342195,21.764145699525,11.8225754686243,0.10207094517451,0.303993622822452,0.082166360038284,0.998231663347225,0.0841496403786936,0.849972470815068,0.269352980960464,0.527606554828318
"Variable_26",0.19899329549817,1.09822389352899e-05,3.42039652385487e-05,0.105368819255161,0.557652441184317,0.520260518768329,0.185124843371031,0.122238252262134,-0.00881858138507419,4.84498089890589,1.90273076965908,3.72125071036928,0.0828764252695691,0.22231681061635,0.242963592821017,0.825453670214633,0.000410003586917489,0.00191542205335872,0.0365479835543029,0.454819350897992
"Variable_27",0.998231663347225,0.599084394856119,0.38343070105512,0.000122054758000584,0.0359350666755994,0.0661796179623823,1.15184928748149,4.09097325395622,5.48012115749744,14.5847280874309,15.5100223578129,22.0514327065214,0.0854013717831038,0.831802968066698,0.56923990072782,0.998231663347225,0.662434725202112,0.76686140211024,1,1
"Variable_28",0.992409778417515,0.679716746656608,0.0838284859501102,0.000525322239614114,0.0272003035026956,0.162279001705552,0.604954143309061,0.952499115587163,1.23430552858333,4.02446553256852,15.3205051935785,1.08541105637127,0.0249160460115525,0.148825425212347,0.192325355729375,0.998231663347225,0.718191279486227,0.54797818439404,0.93154273452421,1
"Variable_29",0.533674300043889,0.0604794027947591,0.536309305780929,0.04238383573453,0.181588046640493,0.0435274210885693,-1.04327602551956,-1.15380309615747,-1.1656551031117,8.71323001109764,22.0623638649627,6.98738884552134,0.111916839901709,0.161157641289981,0.0543762988278889,0.998231663347225,0.157527746814256,0.849972470815068,0.243588766644568,0.52465272815753
"Variable_30",0.224124637709802,0.674197334942578,0.944571534122453,0.0980007439437953,0.0277666771292946,0.00406484871414103,8.05237380302525,8.06731528473481,8.08046121659048,10.3933220521815,23.7082622050951,19.1297524349461,0.0653324354883011,0.0255817097580643,0.0049626361840268,0.836731980783262,0.718191279486227,0.993710502923207,0.192666059696743,0.52465272815753
"Variable_31",0.740451670404833,0.574815709392748,0.0065579635317088,0.0205105252049358,0.0387785061800152,0.301679279816759,1.20351699114283,1.1008068916344,1.09364271044389,5.75222241329087,22.5466850352868,9.70314124464861,0.0433510969071361,0.0473848208673186,0.125994993252349,0.998231663347225,0.662434725202112,0.0918114894439232,0.144297905064617,0.52465272815753
"Variable_32",0.779690092016703,0.162892779008353,0.0407399982879527,0.0170162331327361,0.121569768524211,0.204361506927852,3.37512020249162,3.26162704538413,3.14561177552627,6.50052156409264,20.7169703555981,12.1528499836716,0.109338707293316,0.181474374858024,0.164547093948652,0.998231663347225,0.309220190659924,0.414807255295519,0.420268606610562,0.645581080534149
"Variable_33",0.688605287744354,0.1716217435189,0.945948842650128,0.0254019421288168,0.118288320737029,0.00396119005862969,9.04697043141163,8.99994144846675,9.12431893120191,9.11444946077835,0.125892279756336,13.8235415926818,0.089506639364923,0.169269773350576,0.0220274348275005,0.998231663347225,0.320360587901946,0.993710502923207,0.282646368658028,0.527606554828318
"Variable_34",2.36356776122951e-05,1.06500541234383e-05,0.993710502923207,0.520337542578482,0.558621835882843,0.000450566984877881,-0.710827301905698,-0.768134044311259,-0.18387105376666,14.3741371751679,19.9763378302507,6.019823043496,1.16402786583945,0.623861844931144,0.00832646872110798,0.000882398630859016,0.000410003586917489,0.993710502923207,8.11759611555833e-08,9.09170764942533e-06
"Variable_35",0.0703562910486729,0.189453060494548,0.947841410437654,0.167271073864795,0.112040877705187,0.00381898045250133,0.275761968718046,-0.498166272828838,-1.17821481449379,8.90974052312234,18.3701920980816,22.9629929956347,0.821110955289172,0.448146198912974,0.104956718671404,0.489778620820399,0.331403463392913,0.993710502923207,0.112791329141102,0.52465272815753
"Variable_36",0.867552210654399,0.143578743661295,0.314469504607311,0.00975074219675292,0.129453139794221,0.0793114278277375,0.952269866083723,0.753913346985292,0.784437756866423,13.6218670252304,20.082664479753,12.5496548164626,0.0432714643715444,0.0890859560903116,0.0428452105230845,0.998231663347225,0.277255505001121,0.730647078361873,0.927051294476034,1
"Variable_37",0.0787144212032785,0.0551904126216135,0.747319289254046,0.160799344848431,0.186920301948571,0.0205895623705547,0.041208112555807,-0.263823564960779,0.381464084191838,11.2881927757297,17.4291263330492,15.2731399933433,0.761688383233866,0.995561775721837,0.253989607090949,0.489778620820399,0.153901545639051,0.990965631763412,0.137905295869129,0.52465272815753
"Variable_38",0.342864160636462,0.761248329478485,0.32618173141155,0.0711631123733169,0.019296790460079,0.0769034736725361,6.00638017163688,5.95273981898168,6.02684711281923,10.3095108397862,3.98946348899336,12.5804969135616,0.0465568219908723,0.0326397498712287,0.0359142990859115,0.994799583401223,0.775089208196275,0.730647078361873,0.85310918596294,0.96513362452373
"Variable_39",0.0432367253843922,0.523383091193662,0.641446258116751,0.194768265310116,0.0451927852222153,0.0312187294476578,0.480091964031292,0.433780238153572,0.152452852490687,12.6713390814981,12.9787220708895,7.44842846730002,0.343118556464282,0.148822392922858,0.147283448234518,0.372501018696302,0.635449762629844,0.913433370838107,0.667642200220713,0.812657677509386
"Variable_40",0.0190206045576904,0.851723905001023,0.125846497902689,0.23910309963305,0.0113983169990967,0.137611536478974,-0.0332691432151434,-0.376909345747074,-0.341301881687535,1.64820303895503,8.48899663397281,22.9800806806119,0.154613324400385,0.061131608635087,0.0833854558863059,0.213030771046133,0.859397093334365,0.576044662077802,0.437280553250737,0.653166011467062
"Variable_41",0.47643406789513,0.0926257801434387,0.25938303403946,0.0498475399129113,0.156286235732921,0.0918895291482337,-3.13363630270405,-3.31912442008984,-3.21603135894103,4.43743164644868,22.0928944540531,11.1879215172812,0.170430898539517,0.204502250991645,0.100430294792962,0.994799583401223,0.211716068899289,0.695213055270143,0.331772868831754,0.570830247547775
"Variable_42",0.78897669331191,0.0653623389109408,0.247676235795731,0.0162132307385757,0.177036560830539,0.0948802859614559,2.07098403430337,2.00443602474392,1.95629411172655,6.44412535791186,22.6922189819249,8.39775459828805,0.0927878159333298,0.162680952426009,0.0944037506853384,0.998231663347225,0.166376862682395,0.695213055270143,0.529109544685272,0.750129987401905
"Variable_43",0.610157775932154,0.177721217793658,0.824901031744046,0.0334976664895935,0.116086130225364,0.0136553271403724,-0.967478355357406,-1.39953813676092,-1.42513331127771,12.4373724087813,21.0564207164804,5.80540795449264,0.321553981286928,0.579770931036069,0.139788656932292,0.998231663347225,0.321044780530478,0.990965631763412,0.402845025500168,0.635473843042519
"Variable_44",0.176943099058866,0.573820989272234,0.285407869792829,0.112585629621479,0.0388974157730996,0.0856663352688146,1.46047814969968,1.96677639582165,2.33446009627391,23.7099672017558,7.03901267199948,13.3531817547688,0.338683809835177,0.263197545865608,0.316250940565986,0.792705083783721,0.662434725202112,0.710348475928819,0.195344977964094,0.52465272815753
"Variable_45",0.0773409844840484,0.235398087699947,0.282549356372675,0.161817479638358,0.098161481101341,0.0863235069239324,-0.656867635494407,-0.735679762249115,-0.938311173436152,16.238076738421,18.8383729979317,12.6325572685627,0.776405562189672,0.610673217587288,0.406106118291904,0.489778620820399,0.369162590859859,0.710348475928819,0.655134122213247,0.81227817903478
"Variable_46",0.896752599052553,0.0833287596901095,0.807449751351752,0.00748736444794332,0.162636700012509,0.0151606491158828,1.09608395268074,0.880735514283828,0.958735846152708,10.9992889498325,21.0237773244156,7.19841679761254,0.139456563041277,0.526631907998655,0.111037855438371,0.998231663347225,0.198570661389197,0.990965631763412,0.587575231538211,0.770280415852049
"Variable_47",0.278531814501166,0.562275051861132,0.480647486002813,0.0843795075592662,0.0402918099997785,0.0509844382845858,-7.35372988090656,-5.7973942254733,-5.32621545634426,3.28173765006126,21.212654131815,16.3945912166207,0.718527714719609,0.313466664754193,0.288752648891607,0.891301806403732,0.662434725202112,0.793553756978093,0.329374798511687,0.570830247547775
"Variable_48",2.69200328521414e-07,2.94694697516691e-10,7.61885368651653e-13,0.647708824666947,0.791435263968247,0.863723588776837,-1.52511584326134,-1.51631301558088,-1.78265945270555,10.0589704585816,9.54190402375469,9.21559794698317,0.66892609673822,0.810403981065219,0.897651554139466,1.55905090619206e-05,3.30058061218694e-08,8.53311612889851e-11,0.119371298939764,0.52465272815753
"Variable_49",0.322046820452545,0.202003705784709,0.0660820732834923,0.0751668669124313,0.107963120558516,0.176392559405568,1.12357879765483,0.760183233083126,0.957969447616827,21.6308779617115,5.51417898860353,17.2285139316843,0.084706150237991,0.639487098453601,0.100036573152921,0.994799583401223,0.336085549762108,0.54797818439404,0.0437048874791412,0.482447656061035
"Variable_50",0.771273454631431,0.268343467187083,0.654892713339466,0.0177517406234778,0.0896839159257091,0.0297820683759237,-3.64433678486936,-3.67085600065555,-3.66908006831304,23.4388455356654,4.62631142371581,2.68433585270208,0.0348206354806474,0.0721078188105942,0.0385166852312415,0.998231663347225,0.383093203282089,0.913433370838107,1,1
"Variable_51",0.555521644266241,0.667453248502579,0.967486961916238,0.0397304197480578,0.0284645943247339,0.00235816730341764,-3.65879137009062,-3.70347991208225,-2.94764062008876,15.9397964283517,10.1844830570849,19.6194975611394,0.7052135756749,0.528393545229292,0.139178615307363,0.998231663347225,0.718191279486227,0.993710502923207,1,1
"Variable_52",0.863633506001873,0.276052233920634,0.20939685698314,0.010059870191666,0.0878404598621813,0.105669857459943,-5.02226296031773,-4.73062793384849,-4.61071736719561,22.9728199159978,19.2318847055569,9.27235820209072,0.0483885349127935,0.481310705404696,0.433293417469098,0.998231663347225,0.386473127488887,0.695213055270143,0.138596517027172,0.52465272815753
"Variable_53",0.0139765975352808,0.43973053050178,0.212207478191473,0.255102267296505,0.0569964449828771,0.104817718671688,3.99550242540402,4.0227057808103,4.22042047621777,14.2477546331154,17.1678314549108,17.2265065080959,0.383630917197036,0.145952509403452,0.232303783701749,0.184002200894903,0.566089878347119,0.695213055270143,0.336382110162082,0.570830247547775
"Variable_54",0.893861421479008,0.0773339315523658,0.254670414895927,0.00770838000360728,0.16709040802154,0.0930780929837927,1.47557632028197,1.61593144973961,1.7363217470729,13.9921318961198,20.7421423348316,10.6436183178592,0.05670962882924,0.311283828863218,0.205224306481713,0.998231663347225,0.18829131160576,0.695213055270143,0.166397884617855,0.52465272815753
"Variable_55",0.340253833927277,0.00533323767333442,0.859646944466105,0.07165253974938,0.311914810848524,0.0107442567994002,1.59283586467879,1.47769309679422,1.17995601339056,15.6893699174317,9.53827699432134,14.3615980015474,0.552735887748522,0.979262692296055,0.134959852439875,0.994799583401223,0.0543020563103141,0.990965631763412,0.0984017645381923,0.52465272815753
"Variable_56",0.865302220109591,0.233935908149848,0.401289514326406,0.00992807394099276,0.0985627672761031,0.0631381422270823,-2.33045520719069,-2.5304328182505,-2.57609045415322,5.16908633421431,21.4017228618958,11.5035852782513,0.0562692408045172,0.13843807074974,0.0829310998244372,0.998231663347225,0.369162590859859,0.779097816904393,0.580528159101794,0.770280415852049
"Variable_57",0.963647766791835,0.219948504492312,0.447300475639955,0.00255049630796846,0.102523822529072,0.055846056481041,4.02178947382556,3.85762669474266,3.91698372049206,17.5459224783352,22.3423431393536,2.49249172118598,0.0512141217354422,0.297981147614866,0.146952902086789,0.998231663347225,0.357017862364332,0.793553756978093,0.959531880301337,1
"Variable_58",0.212632059359835,0.185364167677876,0.00578761600149155,0.10126931756212,0.113423679596852,0.307884539521328,-0.891411740945145,-0.695279908421257,-0.861372615660615,20.645392616873,18.6689223531395,5.38105121153502,0.143186104497795,0.175428226971038,0.295840306837306,0.836731980783262,0.329536298094001,0.0918114894439232,0.000807096601859736,0.0225987048520726
"Variable_59",0.836626010158639,0.36327319758149,0.322858874534947,0.0122265804850453,0.0697748076289374,0.0775783649728491,4.22543651017379,4.41583067257322,4.42097392573687,12.4265999209263,6.60198793692964,19.0212958345706,0.0463180395093094,0.109317012472094,0.100929084080832,0.998231663347225,0.487957528993952,0.730647078361873,0.296704618115727,0.540399410105562
"Variable_60",0.00248893099326136,0.433745801283953,0.000916778258592267,0.338675397280232,0.0579190226117225,0.393237294759435,-3.04122990133812,-3.17077432181626,-2.85987318943554,15.7000040109711,20.0982483999814,3.55431250894161,0.898004459654875,0.185138573131388,0.594959082540976,0.0557520542490544,0.564878252834916,0.0256697912405835,7.01260200376658e-05,0.00261803808140619
"Variable_61",0.485479773558758,0.0360151761487425,0.652566464828459,0.0486142758732599,0.211336349758048,0.0300286407935475,-3.69909653981286,-3.33518207098299,-3.01387233320029,23.0178031693517,7.97518418881253,0.996778634307393,0.547914321763904,0.599915673911022,0.139785466823446,0.994799583401223,0.121806393845876,0.913433370838107,0.35122852296252,0.57849403782062
"Variable_62",0.219901084246534,0.0346472758387717,0.13740013812177,0.0991834212537972,0.213514627923272,0.13218399608882,-3.12132272868115,-2.90804657507621,-2.82165637607828,23.6692872796911,5.60081852893253,0.307347833222121,0.253732596047901,0.194167952325315,0.150175127833729,0.836731980783262,0.121806393845876,0.591877518063011,0.559068357035987,0.770280415852049
"Variable_63",0.576176650562141,0.0551925768638353,0.87297144993409,0.0373096978873128,0.186918024548138,0.00965681537924589,-2.05738763535963,-1.36260107250733,-0.43134858777678,0.841355281631927,21.2606810432251,20.5712046938201,0.884367027571306,1.35802506907676,0.123626396680035,0.998231663347225,0.153901545639051,0.990965631763412,0.811836566310095,0.937378303368357
"Variable_64",0.994730814826309,0.000859630169160215,0.696301137804439,0.000364286479046156,0.396020413233145,0.0255238333668552,-3.10939343029269,-3.45700008078318,-3.2993279222286,14.7318367878889,8.61835735150247,20.2351888391849,0.0169981453813098,0.417856457875112,0.164865530316355,0.998231663347225,0.016046429824324,0.95104545651338,0.215056589150745,0.52465272815753
"Variable_65",0.92253934582812,0.609203363355513,0.827075003918585,0.00554493205152004,0.0347809649514703,0.0134698792163664,-2.35492559465759,-2.34144488305251,-2.26707681588816,16.8293210199217,5.24100712508979,12.1363001229663,0.016278908640081,0.0522043337276166,0.0286238734792916,0.998231663347225,0.662434725202112,0.990965631763412,1,1
"Variable_66",0.396204347188096,0.0461092430711257,0.11852411211438,0.0618543003315936,0.197294414036807,0.141296295504731,-6.76536780933986,-6.51656542385599,-5.67928829524203,1.56317651367916,21.7841852011684,16.5888058231894,0.552920633602829,0.92373657760436,0.322037623767279,0.994799583401223,0.14259098484754,0.576044662077802,0.282310514619921,0.527606554828318
"Variable_67",0.96636547149941,0.00842330921210667,0.872738384533557,0.00235674825189602,0.289080877813489,0.00967570352325551,-5.57930321836261,-4.18441848099024,-4.31558960741402,0.78163557065891,20.2685230626178,1.67965738970886,0.309683143405773,1.907988177915,0.382414911465263,0.998231663347225,0.0752093519856717,0.990965631763412,0.578449489405039,0.770280415852049
"Variable_68",0.377514585041162,0.251356180675918,0.935991258250842,0.0649754449405966,0.0939262665955432,0.00471379375304581,-1.99327872733376,-2.04788080482521,-2.04566440559377,16.1708799547383,9.54435631993858,21.4585476302044,0.0586556913008482,0.0536405038351917,0.0108910145389528,0.994799583401223,0.376366725097235,0.993710502923207,0.458453610002268,0.675615846319132
"Variable_69",0.858008440241337,0.471027925052992,0.128581397785224,0.0105058953762456,0.0523538781092878,0.136286182641871,0.560765522409385,0.283587151035427,0.028618953987267,7.99827190989728,7.03704531931584,0.659872427953736,0.113101130506126,0.292756017641297,0.586965368838855,0.998231663347225,0.599490086431081,0.576044662077802,0.196695256732124,0.52465272815753
"Variable_70",0.457582922661693,0.580320472942071,0.00560757123768967,0.0524892964306836,0.0381238970746221,0.309445117953764,-3.73551234461182,-3.72690010377277,-3.74987756401783,11.1969817790009,15.8336967495877,9.91578816363886,0.0600956917068725,0.055942686863959,0.12874590660399,0.994799583401223,0.662434725202112,0.0918114894439232,0.465988006213347,0.677800736310323
"Variable_71",0.242374797114444,0.252675501900939,0.0929605848525604,0.0931178387869557,0.093587390911768,0.156068765899386,-2.97920614873733,-2.98625001802495,-3.05478973831069,9.09470130472971,21.0959888680191,7.98367517957487,0.155210609446209,0.145467321919509,0.115969563197899,0.875676686348957,0.376366725097235,0.54797818439404,0.206187752927273,0.52465272815753
"Variable_72",0.0469783362576066,0.597996596003998,0.104037033201531,0.190145996890464,0.0360602092943069,0.149255519911415,-2.97181867522156,-2.86295770666949,-2.65497405453918,20.9288033299614,21.2927029895397,3.10002708958063,0.213095869707644,0.133325159138151,0.164676888437034,0.375826690060853,0.662434725202112,0.576044662077802,0.259591866767183,0.527606554828318
"Variable_73",0.520743741490515,0.0575422057250957,0.43211503631,0.0440023346927958,0.184493160892938,0.0581724628463522,-3.94262764316932,-3.82242185178888,-4.29119256974213,6.36039843004131,10.256186981125,18.4772506581869,0.157465933642692,0.362892463756589,0.126368680959269,0.998231663347225,0.153901545639051,0.793391542077377,0.236150037485481,0.52465272815753
"Variable_74",0.919317373599577,0.0140565875258115,0.238058388488845,0.00578484912687134,0.262595629600963,0.0974372781165275,-0.560462186489541,-0.622744045587658,-0.466894315133097,12.5492012327725,20.584000562487,13.8524610713415,0.0524434334278959,0.274306345018975,0.094089611749787,0.998231663347225,0.0787168901445444,0.695213055270143,0.268036312347762,0.527606554828318
"Variable_75",0.821690770047655,0.0471059503514195,0.869011134651604,0.0134529068240234,0.19606729280322,0.00997840635630453,-3.55096465656112,-4.45013817768538,-4.54990340126629,16.1287262872894,9.44419374187437,21.0786475978908,0.451581138797311,1.59298370072898,0.289556569049934,0.998231663347225,0.14259098484754,0.990965631763412,0.487060034107124,0.699368254102538
"Variable_76",0.480720184079544,0.105515779220942,0.00261024451558963,0.0492604909446198,0.14839744079796,0.346151355106779,-1.20737046399879,-1.34889864398672,-1.31502849489032,0.571300113002014,5.09288156438695,0.823101865981123,0.182237807237204,0.243861348570036,0.243388082523291,0.994799583401223,0.227292680743116,0.0584694771492076,0.735056906327958,0.866593405355066
"Variable_77",0.110129107094293,0.175165744042709,0.820125093283632,0.141136228025123,0.11700009758242,0.0140643313207854,3.36883783465929,4.10987172662958,4.47167751393101,23.6531344990006,22.0163930485541,17.1211416685349,0.620584444029651,0.454255269782806,0.0942101963647812,0.573554966102559,0.321044780530478,0.990965631763412,0.2743653729065,0.527606554828318
"Variable_78",0.916018261648643,0.86399714301988,0.826782209152937,0.00603132281071013,0.0103875172637579,0.0134948293065133,4.27276680115502,4.26100498040838,4.2557857513248,0.955951317324367,2.89264077779157,6.11815409557296,0.0225783968299622,0.0312269057381072,0.0299572306870937,0.998231663347225,0.86399714301988,0.990965631763412,1,1
"Variable_79",0.475156333249409,0.589591641072865,0.0861718510244816,0.0500234966717864,0.0370343217343847,0.160627622744104,-2.94046153434527,-3.33648580082216,-3.52985725670668,14.0970296611381,0.370748575435616,15.1353336604665,0.261468597122761,0.161656431909167,0.259154370488882,0.994799583401223,0.662434725202112,0.54797818439404,0.420780525705294,0.645581080534149
"Variable_80",0.262141352887023,0.0127587293547122,0.204291613284272,0.0882012289439842,0.267680615007329,0.107245225935036,5.9886109956038,6.27009176074043,6.43825117187883,23.585506795782,8.26000154404457,22.187011517953,0.56988737071143,0.917320557358008,0.554204070029011,0.891301806403732,0.0752093519856717,0.695213055270143,0.0638865590222561,0.482447656061035
"Variable_81",0.0735517471601964,0.0734545663612601,0.248500952555298,0.164716313410736,0.170146666653165,0.0946653406517071,1.1881029432789,1.15348107601099,1.07968486791107,11.6965169510181,5.70497157601072,19.9473987604741,0.261473557164073,0.274574226503951,0.197734053265662,0.489778620820399,0.182820254054692,0.695213055270143,0.0506010388184025,0.482447656061035
"Variable_82",0.896213568724371,0.119336990178363,0.660608062838274,0.00752852016311463,0.140876966424486,0.0291797023678672,0.465963655413755,0.374869353322544,0.0587837073758423,11.1347560691857,10.0201232584212,9.35516290930442,0.0926272825896566,0.342571977100366,0.074920765830348,0.998231663347225,0.241637867521903,0.913433370838107,1,1
"Variable_83",0.411373635109317,0.0281419567387608,0.833943397588608,0.0594202649935502,0.225110828094341,0.0128869392909653,1.77372270951311,2.21757021501176,3.0174748241373,2.46616763608441,21.2559471575954,22.2737704061118,0.726241071404486,1.18473122874195,0.119093219967438,0.994799583401223,0.112567826955043,0.990965631763412,0.219740489954098,0.52465272815753
"Variable_84",0.846703057771379,0.28703138822492,0.251891142691397,0.0114106218947578,0.0852958050512459,0.0937886597265516,1.36969490707407,1.25344664000362,1.08248567697429,6.73420625370143,22.3384581563511,12.5069072033995,0.110611514032235,0.175769970850746,0.148166723427044,0.998231663347225,0.396882907175198,0.695213055270143,0.604224340785346,0.770280415852049
"Variable_85",0.765356589752769,0.13170804147907,0.166504989037554,0.0182732863779294,0.134802683622836,0.12019249809414,2.30956619344378,2.12399714890309,2.02546431242594,4.58739889878746,21.1054118438742,12.8474642975051,0.143733358721135,0.239366170584605,0.152010648439403,0.998231663347225,0.258794748169401,0.621618625740201,0.542878270156786,0.7600295782195
"Variable_86",0.540319168678684,0.501627516423061,0.0104178778419135,0.041566257936937,0.0480839093351202,0.278206769966326,0.926225219793643,0.717418652974061,0.676829395803361,6.84991590573663,22.1047910692329,9.13518559061787,0.187882554626768,0.125497791166405,0.229084457648261,0.998231663347225,0.624247575993143,0.129644702032701,0.5744538628176,0.770280415852049
"Variable_87",0.366281034798817,0.566034209590844,0.42134382169056,0.066921383564394,0.0398349232955168,0.0598690923905481,-1.99687575341799,-2.0507600353375,-2.31510944221222,11.0927518133465,11.7811264022799,11.9147531147758,0.140186006894756,0.082016747161009,0.0907980853074344,0.994799583401223,0.662434725202112,0.786508467155712,1,1
"Variable_88",0.938456185860841,0.480058732630724,0.403461369468346,0.00437104727308606,0.0510675187925811,0.0627768724029724,-3.47012281176434,-3.37024295734834,-3.24987470268206,19.010688352735,21.9919202477215,9.51983301758035,0.103244492805129,0.318204144371983,0.19121128683851,0.998231663347225,0.604118854546528,0.779097816904393,0.90554556103605,1
"Variable_89",0.579954821215446,0.116157701494567,0.231070828375015,0.0368756652713403,0.142532407762301,0.099355869744626,-4.22618538370063,-4.36913248438307,-4.48729372823953,6.36950056502431,20.9179548753666,13.5090000924762,0.264981882746214,0.427033517550845,0.251943724226297,0.998231663347225,0.241637867521903,0.695213055270143,0.267134169150475,0.527606554828318
"Variable_90",0.652184654396734,0.000410815252400016,0.0793779797018285,0.0290475302824934,0.427048828992702,0.165536882928517,-0.321451391189691,-0.325819506341583,-0.240273001242653,7.33863597303842,20.4794316642435,7.37905265236757,0.222850445588981,0.63431332424921,0.188968456066784,0.998231663347225,0.00920226165376035,0.54797818439404,0.00856574790653701,0.159893960922024
"Variable_91",0.0213744721585157,0.0888209670444306,8.16375959706808e-05,0.232955831873688,0.158810265541952,0.489504218458528,-2.7901890271988,-2.80086026380954,-2.81118384096475,23.8047023498818,22.8260517310506,20.4687299702657,0.0860118580048516,0.0721785055644526,0.128165233505061,0.217630989250342,0.207248923103671,0.00304780358290542,0.0812549286048131,0.505586222429948
"Variable_92",0.87373729118709,0.009874757577466,0.337500037180085,0.00926546585973021,0.280961923831125,0.074651610985955,-3.67868885986575,-3.50212771358275,-3.64206574077689,16.268461422019,8.7979794022776,16.4208881341935,0.184107801317737,0.923809428274223,0.339182981356537,0.998231663347225,0.0752093519856717,0.741176552238617,0.0732286620806928,0.482447656061035
"Variable_93",0.195613721883477,0.706741749625178,0.889958592227537,0.106425046225953,0.024487338714719,0.00829259253042487,-4.22948791595877,-4.32273807905875,-4.40273050615491,18.2889852310563,4.63268274523789,22.0652591109983,0.0656069776218626,0.034130182124034,0.0148341680964808,0.825453670214633,0.739767065028224,0.993710502923207,0.320076503172285,0.569024894528507
"Variable_94",0.531435863882273,0.0235596262985708,0.990552739789739,0.0426613858043152,0.234885708650764,0.000677782247333481,-4.66307953047391,-4.77057428018405,-5.87860356991827,3.33470504461531,8.60922187529233,18.3336168240417,0.353782883191218,0.866966692208409,0.0640765503445786,0.998231663347225,0.101242358231847,0.993710502923207,0.623720550771179,0.784906760521034
"Variable_95",0.488517652563101,0.0244066399308917,0.266912155148358,0.0482048963493879,0.232952957832731,0.0900316004398326,-2.90624778427161,-2.87561946066082,-3.36397510283502,14.4081626566257,21.0748735437361,22.6379511284003,0.178332629147976,0.183249434352763,0.0893390902818031,0.994799583401223,0.101242358231847,0.695213055270143,0.22970829264906,0.52465272815753
"Variable_96",0.412961962604536,0.756574670342663,0.344397624420669,0.0591702581717062,0.0197280923072756,0.0733134329971837,0.528519411202971,0.543571462783272,0.549425098938723,5.59732412776196,22.9201699462265,7.84065017670365,0.0803433710153844,0.0390351673794131,0.070482951568469,0.994799583401223,0.775089208196275,0.74177949875221,0.873530136694193,0.978353753097496
"Variable_97",0.364366308454557,0.0110666396983644,0.614373272278365,0.0672585944917667,0.275085409851521,0.0341981734392522,-2.79608094267523,-2.96744735405952,-2.96472866055956,3.5313318474332,21.7718518368118,21.3967723872381,0.219020119555683,0.311175185568543,0.0727422780437265,0.994799583401223,0.0752093519856717,0.905392190726011,0.180927151717442,0.52465272815753
"Variable_98",0.888545185359658,0.0521268180156617,0.478538238603559,0.00811652150042234,0.190230312912966,0.0512825181188699,-4.03347350442357,-4.1527644483842,-4.18237129607621,6.49715571727019,22.3743659780369,12.1723525716609,0.0528457706599931,0.250292435995904,0.110591647277716,0.998231663347225,0.153636937309319,0.793553756978093,0.11166475337128,0.52465272815753
"Variable_99",0.00769902353752044,0.194221535007129,0.0834854471875534,0.285113754614564,0.110462832872351,0.162524331027549,-4.63752451365418,-4.58219258529652,-4.55046819592029,4.86248375858894,3.85281559540306,0.747758036405919,0.175833428812107,0.128857347992557,0.118602805940202,0.123184376600327,0.331403463392913,0.54797818439404,0.437387954107407,0.653166011467062
"Variable_100",0.834781040831857,0.255391706315981,0.475372003358386,0.0123769616221217,0.0928948599788455,0.0517322701813202,-2.11528857399047,-2.08457460037294,-2.266266972261,0.827555299640121,9.61700074526151,15.7203486105969,0.0645588879290908,0.173538300077149,0.0921692134016818,0.998231663347225,0.376366725097235,0.793553756978093,0.659976020465759,0.81227817903478
"Variable_101",0.7253786182639,0.105528744630733,0.116092288859739,0.0218988357508593,0.148389966799838,0.142566907586954,4.94596464839784,4.73509824108721,4.67373138900417,9.96563609630979,20.6823256422324,11.4453651377,0.141956983655915,0.248167797762145,0.168567398903915,0.998231663347225,0.227292680743116,0.576044662077802,0.344758410305693,0.576312566481158
"Variable_102",0.270820505142173,0.00120259629816376,0.242324680052141,0.0861506879625709,0.381361230916446,0.0962914244847495,-2.09332175671691,-2.29081253907323,-2.37851984559739,12.7515181260088,9.15736697758723,10.8707401589648,0.233842335214322,0.542461537551096,0.119305331250862,0.891301806403732,0.0192415407706201,0.695213055270143,0.0712510437986501,0.482447656061035
"Variable_103",0.112662582627288,0.01232823881165,0.756602169813552,0.139787999920039,0.269473813223517,0.019725547331031,-2.00226892923733,-1.55046916434775,-1.42850173131504,5.96536733338015,20.0167402691672,22.6998385156201,0.685943191823408,0.806248841165999,0.163425520689044,0.573554966102559,0.0752093519856717,0.990965631763412,0.00349816672819737,0.078358934711621
"Variable_104",0.984884503153151,0.0228363252683114,0.555480914721427,0.00104985543763032,0.236587941234186,0.0411248105257551,1.99506594527188,2.06483817309884,2.09192158939038,23.976183245273,20.6697748796915,10.0718164534928,0.0405036396233385,0.516317914778304,0.200467189653019,0.998231663347225,0.101242358231847,0.864081422899998,0.375619374054077,0.600990998486524
"Variable_105",0.577014064303915,0.527650249326567,0.148014135371968,0.0372132685098564,0.0446388381978816,0.127559250200431,0.85188987358787,0.358315060743174,0.0211451419873582,8.94678495598781,7.86010014180176,0.580579403944068,0.241943625406114,0.261089039506443,0.536772090083542,0.998231663347225,0.635449762629844,0.606095287424434,0.1544824569526,0.52465272815753
"Variable_106",0.0369813601034677,0.270217527315045,0.266860550885229,0.203400189803055,0.0892312763696441,0.0900441681018122,-2.82736023858403,-2.71884446693248,-2.70908839187822,9.57622279910655,18.9657857109712,9.64341359889347,0.137692409228095,0.0861100259782112,0.0812497996677885,0.345159360965699,0.383093203282089,0.695213055270143,0.113038786386545,0.52465272815753
"Variable_107",0.697628285416265,0.0369769409889267,0.464977560829319,0.0245265491245174,0.209850343340148,0.0532285734550414,-5.55623425827073,-5.37732734882141,-5.49793866452795,15.2520910287172,20.3168488715467,8.87492334369443,0.163329635452924,0.351151316410543,0.14655289100961,0.998231663347225,0.121806393845876,0.793553756978093,0.371697864039011,0.600990998486524
"Variable_108",0.85759459197607,0.195291326642252,0.157756625824233,0.010538817839515,0.11011374902989,0.123577737826126,0.257333846251204,0.0248577792475529,-0.0435726746833554,5.60718316682351,20.6483522629736,11.7934718366454,0.0702676183290489,0.166319360541598,0.106385476112682,0.998231663347225,0.331403463392913,0.609266968700484,0.605220326740896,0.770280415852049
"Variable_109",0.624183675860572,0.0577130796146442,0.984307744768069,0.0319815959323063,0.184320421761178,0.00112912506357799,-4.21205833014646,-4.7183922251992,-5.11827086691205,13.8198984573315,9.5201242390354,3.25413504662592,0.406877401176644,0.934910160935459,0.0572188194111852,0.998231663347225,0.153901545639051,0.993710502923207,0.674796107217615,0.812657677509386
"Variable_110",0.819981788830423,0.513085979983299,0.538821834177409,0.0135945512678014,0.0465469853039776,0.0432080487421331,-5.23623774921761,-5.40949956472049,-5.5130748675323,5.01856802721073,22.6020931209592,11.4600998736515,0.119646468636712,0.138982889077703,0.10363179496969,0.998231663347225,0.631490436902522,0.849972470815068,1,1
"Variable_111",0.428697985047947,0.0304800316390042,0.626715447988644,0.0567406171227375,0.220680780904793,0.0328250748032923,-3.34354946663444,-3.31856794812583,-3.33004170597659,8.91366645287047,19.7134465306428,20.3359886742128,0.0882320232165119,0.205087034462934,0.0932971850805479,0.994799583401223,0.115363966669901,0.9115861061653,0.173574682826274,0.52465272815753
"Variable_112",0.563563552451614,0.0109498810389442,0.733235173606987,0.0387781195900242,0.275634405346478,0.0219196795817286,6.73666206521837,6.64564171902542,6.65446187262512,3.34474861862696,22.009636867095,15.2490671979853,0.0699320966954635,0.158576742092438,0.0259180967578033,0.998231663347225,0.0752093519856717,0.989425776433524,0.21177818566338,0.52465272815753
